"LOCATION","INDICATOR","SUBJECT","MEASURE","FREQUENCY","TIME","Value","Flag Codes"
"AUS","TOUR_REC_EXP","INT_REC","USD","A","2008",31159.8,
"AUS","TOUR_REC_EXP","INT_REC","USD","A","2009",29980.7,
"AUS","TOUR_REC_EXP","INT_REC","USD","A","2010",35165.5,
"AUS","TOUR_REC_EXP","INT_REC","USD","A","2011",38710.1,
"AUS","TOUR_REC_EXP","INT_REC","USD","A","2012",38003.7,
"AUS","TOUR_REC_EXP","INT_REC","USD","A","2013",36965,
"AUS","TOUR_REC_EXP","INT_REC","USD","A","2014",38047.9,
"AUS","TOUR_REC_EXP","INT_REC","USD","A","2015",36226,
"AUS","TOUR_REC_EXP","INT_REC","USD","A","2016",39082.3,
"AUS","TOUR_REC_EXP","INT_REC","USD","A","2017",43965.2,
"AUT","TOUR_REC_EXP","INT_REC","USD","A","2008",24187.2,
"AUT","TOUR_REC_EXP","INT_REC","USD","A","2009",21356,
"AUT","TOUR_REC_EXP","INT_REC","USD","A","2010",20798.8,
"AUT","TOUR_REC_EXP","INT_REC","USD","A","2011",22500.7,
"AUT","TOUR_REC_EXP","INT_REC","USD","A","2012",21390.4,
"AUT","TOUR_REC_EXP","INT_REC","USD","A","2013",22734.9,
"AUT","TOUR_REC_EXP","INT_REC","USD","A","2014",23143.6,
"AUT","TOUR_REC_EXP","INT_REC","USD","A","2015",20352.5,
"AUT","TOUR_REC_EXP","INT_REC","USD","A","2016",20974.8,
"AUT","TOUR_REC_EXP","INT_REC","USD","A","2017",22478.2,
"BEL","TOUR_REC_EXP","INT_REC","USD","A","2008",13117.515,
"BEL","TOUR_REC_EXP","INT_REC","USD","A","2009",13008.393,
"BEL","TOUR_REC_EXP","INT_REC","USD","A","2010",12682.7,
"BEL","TOUR_REC_EXP","INT_REC","USD","A","2011",14062.6,
"BEL","TOUR_REC_EXP","INT_REC","USD","A","2012",13723.5,
"BEL","TOUR_REC_EXP","INT_REC","USD","A","2013",14524.1,
"BEL","TOUR_REC_EXP","INT_REC","USD","A","2014",15234.9,
"BEL","TOUR_REC_EXP","INT_REC","USD","A","2015",13078.2,
"BEL","TOUR_REC_EXP","INT_REC","USD","A","2016",12693.1,
"BEL","TOUR_REC_EXP","INT_REC","USD","A","2017",13695.1,
"CAN","TOUR_REC_EXP","INT_REC","USD","A","2008",18027.4,
"CAN","TOUR_REC_EXP","INT_REC","USD","A","2009",15435.1,
"CAN","TOUR_REC_EXP","INT_REC","USD","A","2010",18451.5,
"CAN","TOUR_REC_EXP","INT_REC","USD","A","2011",19954.9,
"CAN","TOUR_REC_EXP","INT_REC","USD","A","2012",20691.7,
"CAN","TOUR_REC_EXP","INT_REC","USD","A","2013",20959.5,
"CAN","TOUR_REC_EXP","INT_REC","USD","A","2014",20773.8,
"CAN","TOUR_REC_EXP","INT_REC","USD","A","2015",19294.9,
"CAN","TOUR_REC_EXP","INT_REC","USD","A","2016",21165,
"CAN","TOUR_REC_EXP","INT_REC","USD","A","2017",23719,
"CZE","TOUR_REC_EXP","INT_REC","USD","A","2008",8801.611,
"CZE","TOUR_REC_EXP","INT_REC","USD","A","2009",7874.834,
"CZE","TOUR_REC_EXP","INT_REC","USD","A","2010",8065.4,
"CZE","TOUR_REC_EXP","INT_REC","USD","A","2011",8929,
"CZE","TOUR_REC_EXP","INT_REC","USD","A","2012",8174.1,
"CZE","TOUR_REC_EXP","INT_REC","USD","A","2013",7792.6,
"CZE","TOUR_REC_EXP","INT_REC","USD","A","2014",7619.6,
"CZE","TOUR_REC_EXP","INT_REC","USD","A","2015",6766.5,
"CZE","TOUR_REC_EXP","INT_REC","USD","A","2016",7039.7,
"CZE","TOUR_REC_EXP","INT_REC","USD","A","2017",7654.3,
"DNK","TOUR_REC_EXP","INT_REC","USD","A","2008",8751.64,
"DNK","TOUR_REC_EXP","INT_REC","USD","A","2009",7501.394,
"DNK","TOUR_REC_EXP","INT_REC","USD","A","2010",7778.2,
"DNK","TOUR_REC_EXP","INT_REC","USD","A","2011",8916.4,
"DNK","TOUR_REC_EXP","INT_REC","USD","A","2012",8763.5,
"DNK","TOUR_REC_EXP","INT_REC","USD","A","2013",9957.3,
"DNK","TOUR_REC_EXP","INT_REC","USD","A","2014",10416.7,
"DNK","TOUR_REC_EXP","INT_REC","USD","A","2015",8936.3,
"DNK","TOUR_REC_EXP","INT_REC","USD","A","2016",9857.4,
"DNK","TOUR_REC_EXP","INT_REC","USD","A","2017",10375.3,
"FIN","TOUR_REC_EXP","INT_REC","USD","A","2008",3742.294,
"FIN","TOUR_REC_EXP","INT_REC","USD","A","2009",3237.845,
"FIN","TOUR_REC_EXP","INT_REC","USD","A","2010",3520.996,
"FIN","TOUR_REC_EXP","INT_REC","USD","A","2011",5577.872,
"FIN","TOUR_REC_EXP","INT_REC","USD","A","2012",5427.692,
"FIN","TOUR_REC_EXP","INT_REC","USD","A","2013",4048.5,
"FIN","TOUR_REC_EXP","INT_REC","USD","A","2014",3667.2,
"FIN","TOUR_REC_EXP","INT_REC","USD","A","2015",4008.1,
"FIN","TOUR_REC_EXP","INT_REC","USD","A","2016",4013.1,
"FIN","TOUR_REC_EXP","INT_REC","USD","A","2017",5174.7,
"FRA","TOUR_REC_EXP","INT_REC","USD","A","2008",66878.091,
"FRA","TOUR_REC_EXP","INT_REC","USD","A","2009",58610.002,
"FRA","TOUR_REC_EXP","INT_REC","USD","A","2010",56690.1,
"FRA","TOUR_REC_EXP","INT_REC","USD","A","2011",65642.1,
"FRA","TOUR_REC_EXP","INT_REC","USD","A","2012",64309.9,
"FRA","TOUR_REC_EXP","INT_REC","USD","A","2013",66150.7,
"FRA","TOUR_REC_EXP","INT_REC","USD","A","2014",67023.9,
"FRA","TOUR_REC_EXP","INT_REC","USD","A","2015",66434.2,
"FRA","TOUR_REC_EXP","INT_REC","USD","A","2016",62775.3,
"FRA","TOUR_REC_EXP","INT_REC","USD","A","2017",69390.5,
"DEU","TOUR_REC_EXP","INT_REC","USD","A","2008",53187.828,
"DEU","TOUR_REC_EXP","INT_REC","USD","A","2009",47203.349,
"DEU","TOUR_REC_EXP","INT_REC","USD","A","2010",49236.8,
"DEU","TOUR_REC_EXP","INT_REC","USD","A","2011",53333.8,
"DEU","TOUR_REC_EXP","INT_REC","USD","A","2012",51727.2,
"DEU","TOUR_REC_EXP","INT_REC","USD","A","2013",54928.6,
"DEU","TOUR_REC_EXP","INT_REC","USD","A","2014",58083,
"DEU","TOUR_REC_EXP","INT_REC","USD","A","2015",50664.5,
"DEU","TOUR_REC_EXP","INT_REC","USD","A","2016",52114.2,
"DEU","TOUR_REC_EXP","INT_REC","USD","A","2017",55942.2,
"GRC","TOUR_REC_EXP","INT_REC","USD","A","2008",17212.437,
"GRC","TOUR_REC_EXP","INT_REC","USD","A","2009",14562.259,
"GRC","TOUR_REC_EXP","INT_REC","USD","A","2010",12830.7,
"GRC","TOUR_REC_EXP","INT_REC","USD","A","2011",14851.6,
"GRC","TOUR_REC_EXP","INT_REC","USD","A","2012",14509.7,
"GRC","TOUR_REC_EXP","INT_REC","USD","A","2013",17484.2,
"GRC","TOUR_REC_EXP","INT_REC","USD","A","2014",19439.1,
"GRC","TOUR_REC_EXP","INT_REC","USD","A","2015",17550.1,
"GRC","TOUR_REC_EXP","INT_REC","USD","A","2016",16687.3,
"GRC","TOUR_REC_EXP","INT_REC","USD","A","2017",18729.9,
"HUN","TOUR_REC_EXP","INT_REC","USD","A","2008",6997.995,
"HUN","TOUR_REC_EXP","INT_REC","USD","A","2009",6650.088,
"HUN","TOUR_REC_EXP","INT_REC","USD","A","2010",6641.1,
"HUN","TOUR_REC_EXP","INT_REC","USD","A","2011",7176.5,
"HUN","TOUR_REC_EXP","INT_REC","USD","A","2012",6154.6,
"HUN","TOUR_REC_EXP","INT_REC","USD","A","2013",6675.4,
"HUN","TOUR_REC_EXP","INT_REC","USD","A","2014",7483.4,
"HUN","TOUR_REC_EXP","INT_REC","USD","A","2015",6934.2,
"HUN","TOUR_REC_EXP","INT_REC","USD","A","2016",7467.6,
"HUN","TOUR_REC_EXP","INT_REC","USD","A","2017",8383.2,
"ISL","TOUR_REC_EXP","INT_REC","USD","A","2008",836.54,
"ISL","TOUR_REC_EXP","INT_REC","USD","A","2009",1257.888,
"ISL","TOUR_REC_EXP","INT_REC","USD","A","2010",1331.972,
"ISL","TOUR_REC_EXP","INT_REC","USD","A","2011",1694.596,
"ISL","TOUR_REC_EXP","INT_REC","USD","A","2012",1914.146,
"ISL","TOUR_REC_EXP","INT_REC","USD","A","2013",2264.2,
"ISL","TOUR_REC_EXP","INT_REC","USD","A","2014",2608.9,
"ISL","TOUR_REC_EXP","INT_REC","USD","A","2015",2801.4,
"ISL","TOUR_REC_EXP","INT_REC","USD","A","2016",3828.6,
"ISL","TOUR_REC_EXP","INT_REC","USD","A","2017",3020.9,
"IRL","TOUR_REC_EXP","INT_REC","USD","A","2008",6279.708,
"IRL","TOUR_REC_EXP","INT_REC","USD","A","2009",8410.167,
"IRL","TOUR_REC_EXP","INT_REC","USD","A","2010",8244.542,
"IRL","TOUR_REC_EXP","INT_REC","USD","A","2011",9466.814,
"IRL","TOUR_REC_EXP","INT_REC","USD","A","2012",9305,
"IRL","TOUR_REC_EXP","INT_REC","USD","A","2013",10177.2,
"IRL","TOUR_REC_EXP","INT_REC","USD","A","2014",11079.5,
"IRL","TOUR_REC_EXP","INT_REC","USD","A","2015",11484.3,
"IRL","TOUR_REC_EXP","INT_REC","USD","A","2016",12605.7,
"IRL","TOUR_REC_EXP","INT_REC","USD","A","2017",14131.3,
"ITA","TOUR_REC_EXP","INT_REC","USD","A","2008",48073.314,
"ITA","TOUR_REC_EXP","INT_REC","USD","A","2009",41638.913,
"ITA","TOUR_REC_EXP","INT_REC","USD","A","2010",40375.2,
"ITA","TOUR_REC_EXP","INT_REC","USD","A","2011",45055.2,
"ITA","TOUR_REC_EXP","INT_REC","USD","A","2012",43270.8,
"ITA","TOUR_REC_EXP","INT_REC","USD","A","2013",46257.7,
"ITA","TOUR_REC_EXP","INT_REC","USD","A","2014",47714,
"ITA","TOUR_REC_EXP","INT_REC","USD","A","2015",41520.5,
"ITA","TOUR_REC_EXP","INT_REC","USD","A","2016",42309.8,
"ITA","TOUR_REC_EXP","INT_REC","USD","A","2017",46134.2,
"JPN","TOUR_REC_EXP","INT_REC","USD","A","2008",13790.6,
"JPN","TOUR_REC_EXP","INT_REC","USD","A","2009",12506.2,
"JPN","TOUR_REC_EXP","INT_REC","USD","A","2010",15334.8,
"JPN","TOUR_REC_EXP","INT_REC","USD","A","2011",12500.1,
"JPN","TOUR_REC_EXP","INT_REC","USD","A","2012",16192.2,
"JPN","TOUR_REC_EXP","INT_REC","USD","A","2013",16904.6,
"JPN","TOUR_REC_EXP","INT_REC","USD","A","2014",20828.9,
"JPN","TOUR_REC_EXP","INT_REC","USD","A","2015",27300.6,
"JPN","TOUR_REC_EXP","INT_REC","USD","A","2016",33355.3,
"JPN","TOUR_REC_EXP","INT_REC","USD","A","2017",34054,
"KOR","TOUR_REC_EXP","INT_REC","USD","A","2008",13455.4,
"KOR","TOUR_REC_EXP","INT_REC","USD","A","2009",13288.7,
"KOR","TOUR_REC_EXP","INT_REC","USD","A","2010",14366.6,
"KOR","TOUR_REC_EXP","INT_REC","USD","A","2011",17417.4,
"KOR","TOUR_REC_EXP","INT_REC","USD","A","2012",18850.4,
"KOR","TOUR_REC_EXP","INT_REC","USD","A","2013",19643.7,
"KOR","TOUR_REC_EXP","INT_REC","USD","A","2014",22703.6,
"KOR","TOUR_REC_EXP","INT_REC","USD","A","2015",19055.7,
"KOR","TOUR_REC_EXP","INT_REC","USD","A","2016",21173.9,
"KOR","TOUR_REC_EXP","INT_REC","USD","A","2017",16999.3,
"LUX","TOUR_REC_EXP","INT_REC","USD","A","2008",4886.366,
"LUX","TOUR_REC_EXP","INT_REC","USD","A","2009",4484.172,
"LUX","TOUR_REC_EXP","INT_REC","USD","A","2010",4518.9,
"LUX","TOUR_REC_EXP","INT_REC","USD","A","2011",5357.6,
"LUX","TOUR_REC_EXP","INT_REC","USD","A","2012",5380.9,
"LUX","TOUR_REC_EXP","INT_REC","USD","A","2013",5628.3,
"LUX","TOUR_REC_EXP","INT_REC","USD","A","2014",6026,
"LUX","TOUR_REC_EXP","INT_REC","USD","A","2015",4760.2,
"LUX","TOUR_REC_EXP","INT_REC","USD","A","2016",4763,
"LUX","TOUR_REC_EXP","INT_REC","USD","A","2017",4979.6,
"MEX","TOUR_REC_EXP","INT_REC","USD","A","2008",14725.8,
"MEX","TOUR_REC_EXP","INT_REC","USD","A","2009",12542,
"MEX","TOUR_REC_EXP","INT_REC","USD","A","2010",12627.8,
"MEX","TOUR_REC_EXP","INT_REC","USD","A","2011",12457.4,
"MEX","TOUR_REC_EXP","INT_REC","USD","A","2012",13319.9,
"MEX","TOUR_REC_EXP","INT_REC","USD","A","2013",14311,
"MEX","TOUR_REC_EXP","INT_REC","USD","A","2014",16606.9,
"MEX","TOUR_REC_EXP","INT_REC","USD","A","2015",18728.2,
"MEX","TOUR_REC_EXP","INT_REC","USD","A","2016",20619.2,
"MEX","TOUR_REC_EXP","INT_REC","USD","A","2017",22463.6,
"NLD","TOUR_REC_EXP","INT_REC","USD","A","2008",18639.9,
"NLD","TOUR_REC_EXP","INT_REC","USD","A","2009",16187.2,
"NLD","TOUR_REC_EXP","INT_REC","USD","A","2010",16794.7,
"NLD","TOUR_REC_EXP","INT_REC","USD","A","2011",18241.8,
"NLD","TOUR_REC_EXP","INT_REC","USD","A","2012",17675.1,
"NLD","TOUR_REC_EXP","INT_REC","USD","A","2013",19429.3,
"NLD","TOUR_REC_EXP","INT_REC","USD","A","2014",22190.7,
"NLD","TOUR_REC_EXP","INT_REC","USD","A","2015",20305.3,
"NLD","TOUR_REC_EXP","INT_REC","USD","A","2016",21137.8,
"NLD","TOUR_REC_EXP","INT_REC","USD","A","2017",23357.4,
"NZL","TOUR_REC_EXP","INT_REC","USD","A","2008",7933.4,
"NZL","TOUR_REC_EXP","INT_REC","USD","A","2009",7054.3,
"NZL","TOUR_REC_EXP","INT_REC","USD","A","2010",7571.5,
"NZL","TOUR_REC_EXP","INT_REC","USD","A","2011",8547.8,
"NZL","TOUR_REC_EXP","INT_REC","USD","A","2012",8338.4,
"NZL","TOUR_REC_EXP","INT_REC","USD","A","2013",8683.7,
"NZL","TOUR_REC_EXP","INT_REC","USD","A","2014",9695.3,
"NZL","TOUR_REC_EXP","INT_REC","USD","A","2015",10139,
"NZL","TOUR_REC_EXP","INT_REC","USD","A","2016",10635.3,
"NZL","TOUR_REC_EXP","INT_REC","USD","A","2017",10284.7,
"NOR","TOUR_REC_EXP","INT_REC","USD","A","2008",4770.9,
"NOR","TOUR_REC_EXP","INT_REC","USD","A","2009",4154.4,
"NOR","TOUR_REC_EXP","INT_REC","USD","A","2010",4706.9,
"NOR","TOUR_REC_EXP","INT_REC","USD","A","2011",5307.6,
"NOR","TOUR_REC_EXP","INT_REC","USD","A","2012",5442,
"NOR","TOUR_REC_EXP","INT_REC","USD","A","2013",5642,
"NOR","TOUR_REC_EXP","INT_REC","USD","A","2014",5574.9,
"NOR","TOUR_REC_EXP","INT_REC","USD","A","2015",4873,
"NOR","TOUR_REC_EXP","INT_REC","USD","A","2016",5204.1,
"POL","TOUR_REC_EXP","INT_REC","USD","A","2008",12711.476,
"POL","TOUR_REC_EXP","INT_REC","USD","A","2009",9735.141,
"POL","TOUR_REC_EXP","INT_REC","USD","A","2010",10092.3,
"POL","TOUR_REC_EXP","INT_REC","USD","A","2011",11586.5,
"POL","TOUR_REC_EXP","INT_REC","USD","A","2012",11913.9,
"POL","TOUR_REC_EXP","INT_REC","USD","A","2013",12452.9,
"POL","TOUR_REC_EXP","INT_REC","USD","A","2014",12897.4,
"POL","TOUR_REC_EXP","INT_REC","USD","A","2015",11346.4,
"POL","TOUR_REC_EXP","INT_REC","USD","A","2016",12033.2,
"POL","TOUR_REC_EXP","INT_REC","USD","A","2017",13999.2,
"PRT","TOUR_REC_EXP","INT_REC","USD","A","2008",13949.258,
"PRT","TOUR_REC_EXP","INT_REC","USD","A","2009",12210.135,
"PRT","TOUR_REC_EXP","INT_REC","USD","A","2010",13050.8,
"PRT","TOUR_REC_EXP","INT_REC","USD","A","2011",14843.8,
"PRT","TOUR_REC_EXP","INT_REC","USD","A","2012",14642.3,
"PRT","TOUR_REC_EXP","INT_REC","USD","A","2013",16211.7,
"PRT","TOUR_REC_EXP","INT_REC","USD","A","2014",17722.5,
"PRT","TOUR_REC_EXP","INT_REC","USD","A","2015",15829.7,
"PRT","TOUR_REC_EXP","INT_REC","USD","A","2016",17158.6,
"PRT","TOUR_REC_EXP","INT_REC","USD","A","2017",20889.3,
"SVK","TOUR_REC_EXP","INT_REC","USD","A","2008",2989.323,
"SVK","TOUR_REC_EXP","INT_REC","USD","A","2009",2528.278,
"SVK","TOUR_REC_EXP","INT_REC","USD","A","2010",2339.324,
"SVK","TOUR_REC_EXP","INT_REC","USD","A","2011",2509.528,
"SVK","TOUR_REC_EXP","INT_REC","USD","A","2012",2371.728,
"SVK","TOUR_REC_EXP","INT_REC","USD","A","2013",2606.8,
"SVK","TOUR_REC_EXP","INT_REC","USD","A","2014",2553.2,
"SVK","TOUR_REC_EXP","INT_REC","USD","A","2015",2482.9,
"SVK","TOUR_REC_EXP","INT_REC","USD","A","2016",2807.6,
"SVK","TOUR_REC_EXP","INT_REC","USD","A","2017",3002.9,
"ESP","TOUR_REC_EXP","INT_REC","USD","A","2008",69759.402,
"ESP","TOUR_REC_EXP","INT_REC","USD","A","2009",59315.712,
"ESP","TOUR_REC_EXP","INT_REC","USD","A","2010",61413.535,
"ESP","TOUR_REC_EXP","INT_REC","USD","A","2011",69697.178,
"ESP","TOUR_REC_EXP","INT_REC","USD","A","2012",65685.964,
"ESP","TOUR_REC_EXP","INT_REC","USD","A","2013",62621.6,
"ESP","TOUR_REC_EXP","INT_REC","USD","A","2014",65023.2,
"ESP","TOUR_REC_EXP","INT_REC","USD","A","2015",56549.1,
"ESP","TOUR_REC_EXP","INT_REC","USD","A","2016",60462.3,
"ESP","TOUR_REC_EXP","INT_REC","USD","A","2017",67943.7,
"SWE","TOUR_REC_EXP","INT_REC","USD","A","2008",11871.464,
"SWE","TOUR_REC_EXP","INT_REC","USD","A","2009",10007.29,
"SWE","TOUR_REC_EXP","INT_REC","USD","A","2010",10820.5,
"SWE","TOUR_REC_EXP","INT_REC","USD","A","2011",12688.5,
"SWE","TOUR_REC_EXP","INT_REC","USD","A","2012",12430.7,
"SWE","TOUR_REC_EXP","INT_REC","USD","A","2013",13514.7,
"SWE","TOUR_REC_EXP","INT_REC","USD","A","2014",14124.3,
"SWE","TOUR_REC_EXP","INT_REC","USD","A","2015",13245.5,
"SWE","TOUR_REC_EXP","INT_REC","USD","A","2016",14851.6,
"SWE","TOUR_REC_EXP","INT_REC","USD","A","2017",16386.9,
"CHE","TOUR_REC_EXP","INT_REC","USD","A","2008",17596.9,
"CHE","TOUR_REC_EXP","INT_REC","USD","A","2009",16667.3,
"CHE","TOUR_REC_EXP","INT_REC","USD","A","2010",17614.1,
"CHE","TOUR_REC_EXP","INT_REC","USD","A","2011",20658.4,
"CHE","TOUR_REC_EXP","INT_REC","USD","A","2012",19594.1,
"CHE","TOUR_REC_EXP","INT_REC","USD","A","2013",20344.7,
"CHE","TOUR_REC_EXP","INT_REC","USD","A","2014",21380.4,
"CHE","TOUR_REC_EXP","INT_REC","USD","A","2015",19572.3,
"CHE","TOUR_REC_EXP","INT_REC","USD","A","2016",19198.4,
"CHE","TOUR_REC_EXP","INT_REC","USD","A","2017",17019,
"TUR","TOUR_REC_EXP","INT_REC","USD","A","2008",26446,
"TUR","TOUR_REC_EXP","INT_REC","USD","A","2009",26331,
"TUR","TOUR_REC_EXP","INT_REC","USD","A","2010",26372,
"TUR","TOUR_REC_EXP","INT_REC","USD","A","2011",30381.7,
"TUR","TOUR_REC_EXP","INT_REC","USD","A","2012",31646.3,
"TUR","TOUR_REC_EXP","INT_REC","USD","A","2013",36266.2,
"TUR","TOUR_REC_EXP","INT_REC","USD","A","2014",38754.3,
"TUR","TOUR_REC_EXP","INT_REC","USD","A","2015",35502.2,
"TUR","TOUR_REC_EXP","INT_REC","USD","A","2016",26698.2,
"TUR","TOUR_REC_EXP","INT_REC","USD","A","2017",22183.8,
"GBR","TOUR_REC_EXP","INT_REC","USD","A","2008",47637,
"GBR","TOUR_REC_EXP","INT_REC","USD","A","2009",38608.7,
"GBR","TOUR_REC_EXP","INT_REC","USD","A","2010",41474.3,
"GBR","TOUR_REC_EXP","INT_REC","USD","A","2011",47075.1,
"GBR","TOUR_REC_EXP","INT_REC","USD","A","2012",51002.3,
"GBR","TOUR_REC_EXP","INT_REC","USD","A","2013",56385.3,
"GBR","TOUR_REC_EXP","INT_REC","USD","A","2014",62938.6,
"GBR","TOUR_REC_EXP","INT_REC","USD","A","2015",65363.9,
"GBR","TOUR_REC_EXP","INT_REC","USD","A","2016",62005.9,
"GBR","TOUR_REC_EXP","INT_REC","USD","A","2017",51231.5,
"USA","TOUR_REC_EXP","INT_REC","USD","A","2008",164718,
"USA","TOUR_REC_EXP","INT_REC","USD","A","2009",146005,
"USA","TOUR_REC_EXP","INT_REC","USD","A","2010",167997,
"USA","TOUR_REC_EXP","INT_REC","USD","A","2011",187630,
"USA","TOUR_REC_EXP","INT_REC","USD","A","2012",200996,
"USA","TOUR_REC_EXP","INT_REC","USD","A","2013",218497,
"USA","TOUR_REC_EXP","INT_REC","USD","A","2014",235989,
"USA","TOUR_REC_EXP","INT_REC","USD","A","2015",249183,
"USA","TOUR_REC_EXP","INT_REC","USD","A","2016",246173,
"USA","TOUR_REC_EXP","INT_REC","USD","A","2017",251360,
"BRA","TOUR_REC_EXP","INT_REC","USD","A","2008",6109.375,
"BRA","TOUR_REC_EXP","INT_REC","USD","A","2009",5634.802,
"BRA","TOUR_REC_EXP","INT_REC","USD","A","2010",5521.89,
"BRA","TOUR_REC_EXP","INT_REC","USD","A","2011",6369.69,
"BRA","TOUR_REC_EXP","INT_REC","USD","A","2012",6623.421,
"BRA","TOUR_REC_EXP","INT_REC","USD","A","2013",6783.68,
"BRA","TOUR_REC_EXP","INT_REC","USD","A","2014",7404.353,
"BRA","TOUR_REC_EXP","INT_REC","USD","A","2015",6254.327,
"BRA","TOUR_REC_EXP","INT_REC","USD","A","2016",6023.799,
"BRA","TOUR_REC_EXP","INT_REC","USD","A","2017",5809.214,
"BGR","TOUR_REC_EXP","INT_REC","USD","A","2008",4646.888,
"BGR","TOUR_REC_EXP","INT_REC","USD","A","2009",4113.432,
"BGR","TOUR_REC_EXP","INT_REC","USD","A","2010",3883.297,
"BGR","TOUR_REC_EXP","INT_REC","USD","A","2011",4235.3,
"BGR","TOUR_REC_EXP","INT_REC","USD","A","2012",4043.182,
"BGR","TOUR_REC_EXP","INT_REC","USD","A","2013",4419.354,
"BGR","TOUR_REC_EXP","INT_REC","USD","A","2014",4494.341,
"BGR","TOUR_REC_EXP","INT_REC","USD","A","2015",3574.179,
"BGR","TOUR_REC_EXP","INT_REC","USD","A","2016",3633.631,
"BGR","TOUR_REC_EXP","INT_REC","USD","A","2017",4086.696,
"CHL","TOUR_REC_EXP","INT_REC","USD","A","2008",2481,
"CHL","TOUR_REC_EXP","INT_REC","USD","A","2009",2379.9,
"CHL","TOUR_REC_EXP","INT_REC","USD","A","2010",2362.2,
"CHL","TOUR_REC_EXP","INT_REC","USD","A","2011",2722.3,
"CHL","TOUR_REC_EXP","INT_REC","USD","A","2012",3158.7,
"CHL","TOUR_REC_EXP","INT_REC","USD","A","2013",3170.7,
"CHL","TOUR_REC_EXP","INT_REC","USD","A","2014",3202,
"CHL","TOUR_REC_EXP","INT_REC","USD","A","2015",3412.9,
"CHL","TOUR_REC_EXP","INT_REC","USD","A","2016",3723.7,
"CHL","TOUR_REC_EXP","INT_REC","USD","A","2017",4604.6,
"COL","TOUR_REC_EXP","INT_REC","USD","A","2008",2935.9,
"COL","TOUR_REC_EXP","INT_REC","USD","A","2009",3049.7,
"COL","TOUR_REC_EXP","INT_REC","USD","A","2010",3440.2,
"COL","TOUR_REC_EXP","INT_REC","USD","A","2011",3801.3,
"COL","TOUR_REC_EXP","INT_REC","USD","A","2012",4363.6,
"COL","TOUR_REC_EXP","INT_REC","USD","A","2013",4758.3,
"COL","TOUR_REC_EXP","INT_REC","USD","A","2014",4887.1,
"COL","TOUR_REC_EXP","INT_REC","USD","A","2015",5235.8,
"COL","TOUR_REC_EXP","INT_REC","USD","A","2016",5490.5,
"COL","TOUR_REC_EXP","INT_REC","USD","A","2017",5787.7,
"CRI","TOUR_REC_EXP","INT_REC","USD","A","2008",2811.9,
"CRI","TOUR_REC_EXP","INT_REC","USD","A","2009",2215.8,
"CRI","TOUR_REC_EXP","INT_REC","USD","A","2010",2426.4,
"CRI","TOUR_REC_EXP","INT_REC","USD","A","2011",2645.7,
"CRI","TOUR_REC_EXP","INT_REC","USD","A","2012",2772.7,
"CRI","TOUR_REC_EXP","INT_REC","USD","A","2013",3170.9,
"CRI","TOUR_REC_EXP","INT_REC","USD","A","2014",3137.2,
"CRI","TOUR_REC_EXP","INT_REC","USD","A","2015",3388,
"CRI","TOUR_REC_EXP","INT_REC","USD","A","2016",3878.8,
"HRV","TOUR_REC_EXP","INT_REC","USD","A","2008",11614.512,
"HRV","TOUR_REC_EXP","INT_REC","USD","A","2009",9300.133,
"HRV","TOUR_REC_EXP","INT_REC","USD","A","2010",8426.068,
"HRV","TOUR_REC_EXP","INT_REC","USD","A","2011",9430.387,
"HRV","TOUR_REC_EXP","INT_REC","USD","A","2012",9019.678,
"HRV","TOUR_REC_EXP","INT_REC","USD","A","2013",9720.872,
"HRV","TOUR_REC_EXP","INT_REC","USD","A","2014",10020.053,
"HRV","TOUR_REC_EXP","INT_REC","USD","A","2015",8981.064,
"HRV","TOUR_REC_EXP","INT_REC","USD","A","2016",9512.05,
"HRV","TOUR_REC_EXP","INT_REC","USD","A","2017",10817.433,
"EGY","TOUR_REC_EXP","INT_REC","USD","A","2008",12103.8,
"EGY","TOUR_REC_EXP","INT_REC","USD","A","2009",11756.9,
"EGY","TOUR_REC_EXP","INT_REC","USD","A","2010",13633.1,
"EGY","TOUR_REC_EXP","INT_REC","USD","A","2011",9333.2,
"EGY","TOUR_REC_EXP","INT_REC","USD","A","2012",10822.7,
"EGY","TOUR_REC_EXP","INT_REC","USD","A","2013",6746.7,
"EGY","TOUR_REC_EXP","INT_REC","USD","A","2014",7978.1,
"EGY","TOUR_REC_EXP","INT_REC","USD","A","2015",6896.8,
"EGY","TOUR_REC_EXP","INT_REC","USD","A","2016",2644.9,
"EGY","TOUR_REC_EXP","INT_REC","USD","A","2017",7774.9,
"EST","TOUR_REC_EXP","INT_REC","USD","A","2008",1626.533,
"EST","TOUR_REC_EXP","INT_REC","USD","A","2009",1437.408,
"EST","TOUR_REC_EXP","INT_REC","USD","A","2010",1421.3,
"EST","TOUR_REC_EXP","INT_REC","USD","A","2011",1673.7,
"EST","TOUR_REC_EXP","INT_REC","USD","A","2012",1593.8,
"EST","TOUR_REC_EXP","INT_REC","USD","A","2013",2023.4,
"EST","TOUR_REC_EXP","INT_REC","USD","A","2014",2273.4,
"EST","TOUR_REC_EXP","INT_REC","USD","A","2015",1885.6,
"EST","TOUR_REC_EXP","INT_REC","USD","A","2016",1937.1,
"EST","TOUR_REC_EXP","INT_REC","USD","A","2017",2130.3,
"IND","TOUR_REC_EXP","INT_REC","USD","A","2008",12462.151,
"IND","TOUR_REC_EXP","INT_REC","USD","A","2009",11220.682,
"IND","TOUR_REC_EXP","INT_REC","USD","A","2010",14489.7,
"IND","TOUR_REC_EXP","INT_REC","USD","A","2011",17707.5,
"IND","TOUR_REC_EXP","INT_REC","USD","A","2012",18339.961,
"IND","TOUR_REC_EXP","INT_REC","USD","A","2013",19041.736,
"IND","TOUR_REC_EXP","INT_REC","USD","A","2014",20756.16,
"IND","TOUR_REC_EXP","INT_REC","USD","A","2015",21471.224,
"IND","TOUR_REC_EXP","INT_REC","USD","A","2016",23111.129,
"IND","TOUR_REC_EXP","INT_REC","USD","A","2017",27877.838,
"IDN","TOUR_REC_EXP","INT_REC","USD","A","2008",8150.699,
"IDN","TOUR_REC_EXP","INT_REC","USD","A","2009",6052.56,
"IDN","TOUR_REC_EXP","INT_REC","USD","A","2010",7617.711,
"IDN","TOUR_REC_EXP","INT_REC","USD","A","2011",9038.06,
"IDN","TOUR_REC_EXP","INT_REC","USD","A","2012",9462.13,
"IDN","TOUR_REC_EXP","INT_REC","USD","A","2013",10302.62,
"IDN","TOUR_REC_EXP","INT_REC","USD","A","2014",11566.72,
"IDN","TOUR_REC_EXP","INT_REC","USD","A","2015",12053.886,
"IDN","TOUR_REC_EXP","INT_REC","USD","A","2016",12565.247,
"IDN","TOUR_REC_EXP","INT_REC","USD","A","2017",14111.285,
"ISR","TOUR_REC_EXP","INT_REC","USD","A","2008",5029.8,
"ISR","TOUR_REC_EXP","INT_REC","USD","A","2009",5067.099,
"ISR","TOUR_REC_EXP","INT_REC","USD","A","2010",5816.8,
"ISR","TOUR_REC_EXP","INT_REC","USD","A","2011",6041,
"ISR","TOUR_REC_EXP","INT_REC","USD","A","2012",6177,
"ISR","TOUR_REC_EXP","INT_REC","USD","A","2013",6498,
"ISR","TOUR_REC_EXP","INT_REC","USD","A","2014",6495,
"ISR","TOUR_REC_EXP","INT_REC","USD","A","2015",6500,
"ISR","TOUR_REC_EXP","INT_REC","USD","A","2016",6426,
"ISR","TOUR_REC_EXP","INT_REC","USD","A","2017",7572,
"LVA","TOUR_REC_EXP","INT_REC","USD","A","2008",1120.6,
"LVA","TOUR_REC_EXP","INT_REC","USD","A","2009",997.4,
"LVA","TOUR_REC_EXP","INT_REC","USD","A","2010",961.8,
"LVA","TOUR_REC_EXP","INT_REC","USD","A","2011",1104.9,
"LVA","TOUR_REC_EXP","INT_REC","USD","A","2012",1070.6,
"LVA","TOUR_REC_EXP","INT_REC","USD","A","2013",1189.5,
"LVA","TOUR_REC_EXP","INT_REC","USD","A","2014",1296.2,
"LVA","TOUR_REC_EXP","INT_REC","USD","A","2015",1282.1,
"LVA","TOUR_REC_EXP","INT_REC","USD","A","2016",1311.9,
"LVA","TOUR_REC_EXP","INT_REC","USD","A","2017",1406.3,
"LTU","TOUR_REC_EXP","INT_REC","USD","A","2010",1012.9,
"LTU","TOUR_REC_EXP","INT_REC","USD","A","2011",1332.2,
"LTU","TOUR_REC_EXP","INT_REC","USD","A","2012",1401.9,
"LTU","TOUR_REC_EXP","INT_REC","USD","A","2013",1502.8,
"LTU","TOUR_REC_EXP","INT_REC","USD","A","2014",1383.4,
"LTU","TOUR_REC_EXP","INT_REC","USD","A","2015",1154.1,
"LTU","TOUR_REC_EXP","INT_REC","USD","A","2016",1205.4,
"LTU","TOUR_REC_EXP","INT_REC","USD","A","2017",1317.8,
"MKD","TOUR_REC_EXP","INT_REC","USD","A","2008",262.609,
"MKD","TOUR_REC_EXP","INT_REC","USD","A","2009",231.414,
"MKD","TOUR_REC_EXP","INT_REC","USD","A","2010",199.493,
"MKD","TOUR_REC_EXP","INT_REC","USD","A","2011",242.735,
"MKD","TOUR_REC_EXP","INT_REC","USD","A","2012",236.48,
"MKD","TOUR_REC_EXP","INT_REC","USD","A","2013",269.811,
"MKD","TOUR_REC_EXP","INT_REC","USD","A","2014",297.949,
"MKD","TOUR_REC_EXP","INT_REC","USD","A","2015",267.548,
"MKD","TOUR_REC_EXP","INT_REC","USD","A","2016",282.731,
"MKD","TOUR_REC_EXP","INT_REC","USD","A","2017",327.043,
"MLT","TOUR_REC_EXP","INT_REC","USD","A","2008",1082.24,
"MLT","TOUR_REC_EXP","INT_REC","USD","A","2009",898.866,
"MLT","TOUR_REC_EXP","INT_REC","USD","A","2010",1066.407,
"MLT","TOUR_REC_EXP","INT_REC","USD","A","2011",1459.641,
"MLT","TOUR_REC_EXP","INT_REC","USD","A","2012",1471.166,
"MLT","TOUR_REC_EXP","INT_REC","USD","A","2013",1649.054,
"MLT","TOUR_REC_EXP","INT_REC","USD","A","2014",1520.926,
"MLT","TOUR_REC_EXP","INT_REC","USD","A","2015",1663.6,
"MLT","TOUR_REC_EXP","INT_REC","USD","A","2016",2039.743,
"MLT","TOUR_REC_EXP","INT_REC","USD","A","2017",1736.361,
"MAR","TOUR_REC_EXP","INT_REC","USD","A","2008",8885.294,
"MAR","TOUR_REC_EXP","INT_REC","USD","A","2009",7980.057,
"MAR","TOUR_REC_EXP","INT_REC","USD","A","2010",8175.286,
"MAR","TOUR_REC_EXP","INT_REC","USD","A","2011",9100.423,
"MAR","TOUR_REC_EXP","INT_REC","USD","A","2012",8491.421,
"MAR","TOUR_REC_EXP","INT_REC","USD","A","2013",8201.688,
"MAR","TOUR_REC_EXP","INT_REC","USD","A","2014",9071.619,
"MAR","TOUR_REC_EXP","INT_REC","USD","A","2015",7764.412,
"MAR","TOUR_REC_EXP","INT_REC","USD","A","2016",7921.818,
"MAR","TOUR_REC_EXP","INT_REC","USD","A","2017",7469.631,
"PER","TOUR_REC_EXP","INT_REC","USD","A","2008",2395.848,
"PER","TOUR_REC_EXP","INT_REC","USD","A","2009",2439.517,
"PER","TOUR_REC_EXP","INT_REC","USD","A","2010",2475.121,
"PER","TOUR_REC_EXP","INT_REC","USD","A","2011",2814.011,
"PER","TOUR_REC_EXP","INT_REC","USD","A","2012",3073.378,
"PER","TOUR_REC_EXP","INT_REC","USD","A","2013",3915.833,
"PER","TOUR_REC_EXP","INT_REC","USD","A","2014",3907.709,
"PER","TOUR_REC_EXP","INT_REC","USD","A","2015",4140.04,
"PER","TOUR_REC_EXP","INT_REC","USD","A","2016",3501.117,
"PER","TOUR_REC_EXP","INT_REC","USD","A","2017",3710,
"PHL","TOUR_REC_EXP","INT_REC","USD","A","2008",3292.456,
"PHL","TOUR_REC_EXP","INT_REC","USD","A","2009",2916.122,
"PHL","TOUR_REC_EXP","INT_REC","USD","A","2010",3441.519,
"PHL","TOUR_REC_EXP","INT_REC","USD","A","2011",4052.71,
"PHL","TOUR_REC_EXP","INT_REC","USD","A","2012",4962.572,
"PHL","TOUR_REC_EXP","INT_REC","USD","A","2013",5598.213,
"PHL","TOUR_REC_EXP","INT_REC","USD","A","2014",6058.739,
"PHL","TOUR_REC_EXP","INT_REC","USD","A","2015",6414.762,
"PHL","TOUR_REC_EXP","INT_REC","USD","A","2016",6311.079,
"PHL","TOUR_REC_EXP","INT_REC","USD","A","2017",6985.862,
"ROU","TOUR_REC_EXP","INT_REC","USD","A","2008",1991.704,
"ROU","TOUR_REC_EXP","INT_REC","USD","A","2009",1230.58,
"ROU","TOUR_REC_EXP","INT_REC","USD","A","2010",1135.414,
"ROU","TOUR_REC_EXP","INT_REC","USD","A","2011",1419.374,
"ROU","TOUR_REC_EXP","INT_REC","USD","A","2012",1465.682,
"ROU","TOUR_REC_EXP","INT_REC","USD","A","2013",2005.727,
"ROU","TOUR_REC_EXP","INT_REC","USD","A","2014",2224.922,
"ROU","TOUR_REC_EXP","INT_REC","USD","A","2015",2096.923,
"ROU","TOUR_REC_EXP","INT_REC","USD","A","2016",1734.13,
"ROU","TOUR_REC_EXP","INT_REC","USD","A","2017",2536.298,
"RUS","TOUR_REC_EXP","INT_REC","USD","A","2009",12369.8,
"RUS","TOUR_REC_EXP","INT_REC","USD","A","2010",13239.9,
"RUS","TOUR_REC_EXP","INT_REC","USD","A","2011",16961,
"RUS","TOUR_REC_EXP","INT_REC","USD","A","2012",17875.6,
"RUS","TOUR_REC_EXP","INT_REC","USD","A","2013",20198.8,
"RUS","TOUR_REC_EXP","INT_REC","USD","A","2014",19451.1,
"RUS","TOUR_REC_EXP","INT_REC","USD","A","2015",13185.6,
"RUS","TOUR_REC_EXP","INT_REC","USD","A","2016",12820,
"RUS","TOUR_REC_EXP","INT_REC","USD","A","2017",14982.3,
"SVN","TOUR_REC_EXP","INT_REC","USD","A","2008",2931.775,
"SVN","TOUR_REC_EXP","INT_REC","USD","A","2009",2719.748,
"SVN","TOUR_REC_EXP","INT_REC","USD","A","2010",2731,
"SVN","TOUR_REC_EXP","INT_REC","USD","A","2011",2942.9,
"SVN","TOUR_REC_EXP","INT_REC","USD","A","2012",2747.4,
"SVN","TOUR_REC_EXP","INT_REC","USD","A","2013",2900.5,
"SVN","TOUR_REC_EXP","INT_REC","USD","A","2014",2943,
"SVN","TOUR_REC_EXP","INT_REC","USD","A","2015",2521.6,
"SVN","TOUR_REC_EXP","INT_REC","USD","A","2016",2622.8,
"SVN","TOUR_REC_EXP","INT_REC","USD","A","2017",2928.6,
"ZAF","TOUR_REC_EXP","INT_REC","USD","A","2008",9178.89,
"ZAF","TOUR_REC_EXP","INT_REC","USD","A","2009",8683.92,
"ZAF","TOUR_REC_EXP","INT_REC","USD","A","2010",10308.6,
"ZAF","TOUR_REC_EXP","INT_REC","USD","A","2011",10706.33,
"ZAF","TOUR_REC_EXP","INT_REC","USD","A","2012",11201.69,
"ZAF","TOUR_REC_EXP","INT_REC","USD","A","2013",10467.55,
"ZAF","TOUR_REC_EXP","INT_REC","USD","A","2014",10484.152,
"ZAF","TOUR_REC_EXP","INT_REC","USD","A","2015",9139.363,
"ZAF","TOUR_REC_EXP","INT_REC","USD","A","2016",8807.601,
"ZAF","TOUR_REC_EXP","INT_REC","USD","A","2017",9698.74,
